Fold,h*,λ*,MLP Error,C*,LogReg Error,Baseline Error
1,"(64,)",0.01,0.1310679611650486,100,0.1893203883495146,0.40291262135922334
2,"(64, 32)",0.0001,0.12135922330097082,1,0.2184466019417476,0.5048543689320388
3,"(64, 32)",0.01,0.15533980582524276,10,0.2038834951456311,0.412621359223301
4,"(128, 64)",0.01,0.1601941747572816,10,0.22330097087378642,0.43203883495145634
5,"(128, 64)",0.001,0.1456310679611651,10,0.2038834951456311,0.3932038834951457
